,nsc,cas,name,testing_status,mechanism,pubchem_id,smiles
740,740,59-05-2,Methotrexate,FDA approved,Df|DHFR,67627,CN(Cc1cnc2nc(N)nc(N)c2n1)c3ccc(cc3)C(=O)N[C@@H](CCC(=O)O)C(=O)O
752,752,154-42-7,Thioguanine,FDA approved,Ds|IMPDH2|PPAT,538243,NC1=NC(=S)c2[nH]cnc2N1
755,755,6112-76-1,Mercaptopurine,FDA approved,Ds|IMPDH2|PPAT,538245,S=C1N=CNc2nc[nH]c12
762,762,55-86-7,Nitrogen mustard,FDA approved,A7|AlkAg,538248,[Cl-].CN(CCCl)CCCl
3053,3053,50-76-0,Dactinomycin,FDA approved,Db,538571,CC(C)[C@H]1NC(=O)[C@@H](NC(=O)C2=C(N)C(=O)C(=C3Oc4c(C)ccc(C(=O)N[C@H]5[C@H](C)OC(=O)[C@H](C(C)C)N(C)C(=O)CN(C)C(=O)[C@@H]6CCCN6C(=O)[C@H](NC5=O)C(C)C)c4N=C23)C)[C@H](C)OC(=O)[C@H](C(C)C)N(C)C(=O)CN(C)C(=O)[C@@H]7CCCN7C1=O
3088,3088,305-03-3,Chlorambucil,FDA approved,A7|AlkAg,69624,OC(=O)CCCc1ccc(cc1)N(CCCl)CCCl
6396,6396,52-24-4,Thiotepa,FDA approved,A7,72371,S=P(N1CC1)(N2CC2)N3CC3
8806,8806,148-82-3,Melphalan,FDA approved,A7|AlkAg,301128,[Cl-].N[C@@H](Cc1ccc(cc1)N(CCCl)CCCl)C(=O)O
9706,9706,51-18-3,Triethylenemelamine,FDA approved,A7|AlkAg,75085,C1CN1c2nc(nc(n2)N3CC3)N4CC4
14229,14229,83-89-6,Acrichine,FDA approved,Db|AP,301135,[Cl-].CCN(CC)CCCC(C)Nc1c2ccc(Cl)cc2nc3ccc(OC)cc13
19893,19893,51-21-8,Fluorouracil,FDA approved,Ds|Rs|TYMS,82653,FC1=CNC(=O)NC1=O
24559,24559,18378-89-7,Plicamycin,FDA approved,Db|Rs,85982,CO[C@@H]([C@@H]1Cc2cc3cc(OC4CC(OC5CC(O)C(O)C(C)O5)C(O)C(C)O4)c(C)c(O)c3c(O)c2C(=O)[C@H]1OC6CC(OC7CC(OC8CC(C)(O)C(O)C(C)O8)C(O)C(C)O7)C(O)C(C)O6)C(=O)[C@@H](O)[C@@H](C)O
25154,25154,54-91-1,Pipobroman,FDA approved,A7|AlkAg,86412,BrCCC(=O)N1CCN(CC1)C(=O)CCBr
26980,26980,50-07-7,Mitomycin C,FDA approved,A2,87663,CO[C@]12[C@H]3N[C@H]3CN1C4=C([C@H]2COC(=O)N)C(=O)C(=C(C)C4=O)N
27640,27640,50-91-9,Floxuridine,FDA approved,Ds|TYMS,88034,OCC1OC(CC1O)N2C=C(F)C(=O)NC2=O
34462,34462,66-75-1,Uracil mustard,FDA approved,A7|AlkAg,92079,ClCCN(CCCl)C1=CNC(=O)NC1=O
36405,36405,3895-92-9,MP-0922,Clinical trial,"PK:PRKCA,STK",544923,[Cl-].COc1ccc2c(c[n+](C)c3c2ccc4cc5OCOc5cc34)c1OC
49842,49842,143-67-9,Vinblastine,FDA approved,Tu|Tu-frag,101900,CC[C@]1(O)C[C@H]2CN(CCc3c([nH]c4ccccc34)[C@@](C2)(C(=O)OC)c5cc6c(cc5OC)N(C)[C@H]7[C@](O)([C@H](OC(=O)C)[C@]8(CC)C=CCN9CC[C@]67[C@H]89)C(=O)OC)C1.OS(=O)(=O)O
63878,63878,147-94-4,Cytarabine,FDA approved,Ds,549052,[Cl-].NC1=NC(=O)N(C=C1)C2OC(CO)C(O)C2O
67574,67574,2068-78-2,Vincristine,FDA approved,Tu|Tu-frag,112141,CC[C@]1(O)C[C@H]2CN(CCc3c([nH]c4ccccc34)[C@@](C2)(C(=O)OC)c5cc6c(cc5OC)N(C=O)[C@H]7[C@](O)([C@H](OC(=O)C)[C@]8(CC)C=CCN9CC[C@]67[C@H]89)C(=O)OC)C1.OS(=O)(=O)O
82151,82151,23541-50-6,Daunorubicin,FDA approved,T2,301154,[Cl-].COc1cccc2C(=O)c3c(O)c4C[C@](O)(C[C@H](OC5CC(N)C(O)C(C)O5)c4c(O)c3C(=O)c12)C(=O)C
95100,95100,20830-75-5,Digoxin,FDA approved,NonCan:CardG,400036,CC1OC(CC(O)C1O)OC2C(O)CC(OC3C(O)CC(OC4CCC5(C)C(CCC6C5CC(O)C7(C)C(CCC67O)C8=CC(=O)OC8)C4)OC3C)OC2C
105014,105014,4291-63-8,Cladribine,FDA approved,Ds|ADA,405818,Nc1nc(Cl)nc2c1ncn2C3CC(O)C(CO)O3
119875,119875,,Cisplatin,FDA approved,A7|AlkAg,301178,[R][Pt+2]([R])([ClH-])[ClH-]
122819,122819,29767-20-2,Teniposide,FDA approved,T2,416461,COc1cc(cc(OC)c1O)[C@H]2[C@@H]3[C@H](COC3=O)[C@H](OC4OC5CO[C@H](OC5C(O)C4O)c6cccs6)c7cc8OCOc8cc27
123127,123127,25316-40-9,Doxorubicin,FDA approved,T2,301181,[Cl-].COc1cccc2C(=O)c3c(O)c4C[C@](O)(C[C@H](OC5CC(N)C(O)C(C)O5)c4c(O)c3C(=O)c12)C(=O)CO
125066,125066,9041-93-4,Bleomycin,FDA approved,Db,301184,C[C@@H](O)[C@H](NC(=O)[C@@H](C)[C@H](O)[C@@H](C)NC(=O)[C@@H](NC(=O)c1nc(nc(N)c1C)[C@H](CC(=O)N)NC[C@H](N)C(=O)N)C(OC2OC(CO)C(O)C(O)C2OC3OC(CO)C(O)C(OC(=O)N)C3O)c4c[nH]cn4)C(=O)NCCc5nc(cs5)c6nc(cs6)C(=O)NCCC[S+](C)C.OS(=O)(=O)[O-]
125973,125973,33069-62-4,Paclitaxel,FDA approved,Tu|Tu-stab,418145,CC(=O)O[C@H]1C(=O)[C@]2(C)[C@@H](O)C[C@H]3OC[C@@]3(OC(=O)C)[C@H]2[C@H](OC(=O)c4ccccc4)[C@]5(O)C[C@H](OC(=O)[C@H](O)[C@@H](NC(=O)c6ccccc6)c7ccccc7)C(=C1C5(C)C)C
127716,127716,2353-33-5,Decitabine,FDA approved,AM|DNMT,419300,NC1=NC(=O)N(C=N1)C2CC(O)C(CO)O2
141540,141540,33419-42-0,Etoposide,FDA approved,T2,427063,COc1cc(cc(OC)c1O)[C@H]2[C@@H]3[C@H](COC3=O)[C@H](OC4OC5COC(C)OC5C(O)C4O)c6cc7OCOc7cc26
221019,221019,19545-26-7,Wortmannin,Clinical trial,PK:PIK3,130227,COC[C@H]1OC(=O)c2coc3C(=O)C4=C([C@@H](C[C@@]5(C)[C@H]4CCC5=O)OC(=O)C)[C@]1(C)c23
226080,226080,53123-88-9,Rapamycin,FDA approved,"PK:STK,MTOR",131458,CO[C@@H]1C[C@H](C[C@@H](C)[C@@H]2CC(=O)[C@H](C)\C=C(/C)\[C@@H](O)[C@@H](OC)C(=O)[C@H](C)C[C@H](C)\C=C\C=C\C=C(/C)\[C@H](C[C@@H]3CC[C@@H](C)[C@@](O)(O3)C(=O)C(=O)N4CCCC[C@H]4C(=O)O2)OC)CC[C@H]1O
241240,241240,41575-94-4,Carboplatin,FDA approved,A7|AlkAg,568180,N[Pt]1(N)OC(=O)C2(CCC2)C(=O)O1
246131,246131,56124-62-0,Valrubicin,FDA approved,T2,136463,CCCCC(=O)OCC(=O)[C@@]1(O)C[C@H](OC2CC(NC(=O)C(F)(F)F)C(O)C(C)O2)c3c(O)c4C(=O)c5c(OC)cccc5C(=O)c4c(O)c3C1
266046,266046,61825-94-3,Oxaliplatin,FDA approved,A7,569872,O=C1[O-][Pt+2]2([NH2+][C@@H]3CCCC[C@H]3[NH2+]2)[O-]C1=O
279836,279836,65271-80-9,Mitoxantrone,FDA approved,T2,142727,OCCNCCNc1ccc(NCCNCCO)c2C(=O)c3c(O)ccc(O)c3C(=O)c12
312887,312887,75607-67-9,Fludarabine,FDA approved,Ds|AM|Dr,455602,Nc1nc(F)nc2c1ncn2C3OC(COP(=O)(O)O)C(O)C3O
330507,330507,75747-14-7,17-AAG,Clinical trial,HSP90,574817,CO[C@H]1C[C@H](C)CC2=C(NCC=C)C(=O)C=C(NC(=O)\C(=C\C=C/[C@H](OC)[C@@H](OC(=O)N)\C(=C\[C@H](C)[C@H]1O)\C)\C)C2=O
606869,606869,123318-82-1,Clofarabine,FDA approved,Ds,484621,Nc1nc(Cl)nc2c1ncn2C3OC(CO)C(O)C3F
608210,608210,71486-22-1,Vinorelbine,FDA approved,Tu|Tu-frag,485117,CCC1=C[C@@H]2CN(C1)Cc3c([nH]c4ccccc34)[C@@](C2)(C(=O)OC)c5cc6c(cc5OC)N(C)[C@H]7[C@](O)([C@H](OC(=O)C)[C@]8(CC)C=CCN9CC[C@]67[C@H]89)C(=O)OC.O[C@H]([C@@H](O)C(=O)O)C(=O)O
609699,609699,119413-54-6,Topotecan,FDA approved,T1,580652,[Cl-].CC[C@@]1(O)C(=O)OCC2=C1C=C3N(Cc4cc5c(CN(C)C)c(O)ccc5nc34)C2=O
613327,613327,122111-03-9,Gemcitabine,FDA approved,Ds,486649,[Cl-].NC1=NC(=O)N(C=C1)C2OC(CO)C(O)C2(F)F
616348,616348,100286-90-6,Irinotecan,FDA approved,T1,487652,[Cl-].CCc1c2CN3C(=O)C4=C(C=C3c2nc5ccc(OC(=O)N6CCC(CC6)N7CCCCC7)cc15)[C@@](O)(CC)C(=O)OC4
628503,628503,114977-28-5,Docetaxel,FDA approved,Tu|Tu-stab,494081,CC(=O)O[C@@]12CO[C@@H]1C[C@H](O)[C@]3(C)[C@@H]2[C@H](OC(=O)c4ccccc4)[C@]5(O)C[C@H](OC(=O)[C@H](O)[C@@H](NC(=O)OC(C)(C)C)c6ccccc6)C(=C([C@@H](O)C3=O)C5(C)C)C
633782,633782,79902-63-9,Simvastatin,FDA approved,AM,496592,CCC(C)(C)C(=O)O[C@H]1C[C@@H](C)C=C2C=C[C@H](C)[C@H](CC[C@@H]3C[C@@H](O)CC(=O)O3)[C@@H]12
639186,639186,112887-68-0,ZD-1694,FDA approved,Ds|DHFR|TYMS,499545,CN(Cc1ccc2N=C(C)NC(=O)c2c1)c3ccc(s3)C(=O)N[C@@H](CCC(=O)O)C(=O)O
649890,649890,131740-09-5,Flavopiridol,Clinical trial,"CCNT1|PK:STK,CDK,CDK7,CDK8,CDK9",504654,[Cl-].CN1CC[C@H]([C@@H](O)C1)c2c(O)cc(O)c3C(=O)C=C(Oc23)c4ccccc4Cl
673596,673596,86639-52-3,7-Ethyl-10-hydroxycamptothecin,FDA approved,T1,515301,CCc1c2CN3C(=O)C4=C(C=C3c2nc5ccc(O)cc15)[C@@](O)(CC)C(=O)OC4
681239,681239,,Bortezomib,FDA approved,PSM,518755,CC(C)C[C@H](NC(=O)[C@H](Cc1ccccc1)NC(=O)c2cnccn2)B(O)O
686288,686288,165179-35-1,Aminoflavone,Clinical trial,Db|DDI,521002,Cc1c(F)c(N)c2C(=O)C=C(Oc2c1F)c3ccc(N)c(F)c3
698037,698037,,Pemetrexed,FDA approved,Df|AM|GARTF|DHFR,525786,c1(nc2c(c(=O)[nH]1)c(c[nH]2)CCc1ccc(cc1)C(=O)NC(CCC(=O)O)C(=O)O)N
701852,701852,149647-78-9,Vorinostat,FDA approved,HDAC,48426290,ONC(=O)CCCCCCC(=O)Nc1ccccc1
707545,707545,467214-21-7,17-DMAG,Clinical trial,HSP90,529444,[Cl-].CO[C@@H]1C[C@H](C)CC2=C(NCCN(C)C)C(=O)C=C(NC(=O)\C(=C\C=C/[C@@H](OC)[C@H](OC(=O)N)\C(=C\[C@@H](C)[C@@H]1O)\C)\C)C2=O
710464,710464,468719-53-1,AFP-464,Clinical trial,Db|DDI,530822,Cc1c(F)c(N)c2C(=O)C=C(Oc2c1F)c3ccc(NC(=O)[C@@H](N)CCCCN)c(F)c3.CS(=O)(=O)O
718781,718781,183319-69-9,Erlotinib,FDA approved,"PK:YK,EGFR",534851,COCCOc1cc2ncnc(Nc3cccc(c3)C#C)c2cc1OCCOC
722134,722134,502844-51-1,PX-866,Clinical trial,PK:PIK3,NA,COC[C@H]1OC(=O)\C(=C/N(CC=C)CC=C)\C2=C(O)C(=O)C3=C([C@@H](C[C@@]4(C)[C@H]3CCC4=O)OC(=O)C)[C@@]12C
727859,727859,12542-36-8,AT-101; BL-193,Clinical trial,Apo|BCL2,48427549,CCCCCC.COC(C)(C)C.CC(C)c1c(O)c(O)c(C=O)c2c(O)c(c(C)cc12)c3c(C)cc4c(C(C)C)c(O)c(O)c(C=O)c4c3O
732517,732517,863127-77-9,Dasatinib,FDA approved,"BCR-ABL|PK:YK,PDGFR,KIT",48429642,Cc1nc(Nc2ncc(s2)C(=O)Nc3c(C)cccc3Cl)cc(n1)N4CCN(CCO)CC4
733504,733504,159351-69-6,Everolimus,FDA approved,"PK:STK,MTOR",48430111,CO[C@@H]1C[C@H](C[C@@H](C)[C@@H]2CC(=O)[C@H](C)\C=C(/C)\[C@@H](O)[C@@H](OC)C(=O)[C@H](C)C[C@H](C)\C=C\C=C\C=C(/C)\[C@H](C[C@@H]3CC[C@@H](C)[C@@](O)(O3)C(=O)C(=O)N4CCCC[C@H]4C(=O)O2)OC)CC[C@H]1OCCO
737754,737754,635702-64-6,Pazopanib,FDA approved,"PK:YK,PDGFR,FGFR,KIT,VEGFR",48431568,[Cl-].CN(c1ccc2c(C)n(C)nc2c1)c3ccnc(Nc4ccc(C)c(c4)S(=O)(=O)N)n3
745750,745750,388082-77-7,Lapatinib,FDA approved,"PK:YK,EGFR,ERBB2",91147938,CS(=O)(=O)CCNCc1oc(cc1)c2ccc3ncnc(Nc4ccc(OCc5cccc(F)c5)c(Cl)c4)c3c2
747599,747599,641571-10-0,Nilotinib,FDA approved,BCR-ABL|PK:YK,91148446,Cc1cn(cn1)c2cc(NC(=O)c3ccc(C)c(Nc4nccc(n4)c5cccnc5)c3)cc(c2)C(F)(F)F
747973,747973,219989-84-1,Ixabepilone,FDA approved,Tu|Tu-stab,91148449,C[C@H]1CCC[C@@]2(C)O[C@H]2C[C@H](NC(=O)C[C@H](O)C(C)(C)C(=O)[C@H](C)[C@H]1O)\C(=C\c3csc(C)n3)\C
750690,750690,557795-19-4,Sunitinib,FDA approved,"PK:YK,PDGFR,KIT,VEGFR",91148451,CCN(CC)CCNC(=O)c1c(C)[nH]c(\C=C\2/C(=O)Nc3ccc(F)cc23)c1C
750691,750691,439081-18-2,BIBW-2992,FDA approved,"PK:YK,EGFR",131407778,CN(C)C\C=C\C(=O)Nc1cc2c(Nc3ccc(F)c(Cl)c3)ncnc2cc1O[C@H]4CCOC4
751249,751249,915019-65-7,BEZ-235,Clinical trial,"PK:STK,PIK3,MTOR",131407083,CN1C(=O)N(c2ccc(cc2)C(C)(C)C#N)c3c1cnc4ccc(cc34)c5cnc6ccccc6c5
751549,751549,,NSC751549,NA,NA,NA,NA
753686,753686,763113-22-0,AZD-2281,FDA approved,PARP|PARP1,NA,Fc1ccc(CC2=NNC(=O)c3ccccc23)cc1C(=O)N4CCN(CC4)C(=O)C5CC5
754143,754143,128517-07-7,Depsipeptide,FDA approved,HDAC,131408687,C\C=C\1/NC(=O)[C@H]2CSSCC\C=C\[C@H](CC(=O)N[C@H](C(C)C)C(=O)N2)OC(=O)[C@@H](NC1=O)C(C)C
754230,754230,146464-95-1,Pralatrexate,FDA approved,Df|CTNNB1|DHFR,131408688,Nc1nc(N)c2nc(CC(CC#C)c3ccc(cc3)C(=O)N[C@@H](CCC(=O)O)C(=O)O)cnc2n1
754344,754344,592542-60-4,ON-01910Na,Clinical trial,"RAS|PK:STK,PLK1",NA,[Na+].COc1cc(OC)c(\C=C\S(=O)(=O)Cc2ccc(OC)c(NCC(=O)O)c2)c(OC)c1
754345,754345,1149939-55-8,JNJ-28312141,Clinical trial,"PK:YK,CSF1R",NA,[Cl-].CN(C)CC(=O)N1CCC(CC1)c2ccc(NC(=O)c3ncc(C#N)[nH]3)c(c2)C4=CCCCC4
754349,754349,850879-09-3,MP-470,Clinical trial,"RAD51|PK:YK,PDGFR,KIT,FLT3",NA,S=C(NCc1ccc2OCOc2c1)N3CCN(CC3)c4ncnc5c4oc6ccccc56
754350,754350,157752-20-0,CB-64D,Clinical trial,,NA,[Cl-].CN1CC[C@]2(C[C@@H]1\C(=C/c3ccccc3)\C(=O)C2)c4cccc(O)c4
754352,754352,955365-80-7,MK-1775,Clinical trial,"PK:STK,YK,WEE1",NA,CN1CCN(CC1)c2ccc(Nc3ncc4C(=O)N(CC=C)N(c5cccc(n5)C(C)(C)O)c4n3)cc2
754353,754353,944396-07-0,BKM-120,Clinical trial,PK:PIK3,NA,Nc1cc(c(cn1)c2cc(nc(n2)N3CCOCC3)N4CCOCC4)C(F)(F)F
754354,754354,929085-18-1,GSK-461364,Clinical trial,"PK:STK,PLK1",NA,C[C@@H](Oc1cc(sc1C(=O)N)n2cnc3ccc(CN4CCN(C)CC4)cc23)c5ccccc5C(F)(F)F
754355,754355,1038915-60-4,MK-4827,Clinical trial,PARP|PARP1,NA,[Cl-].NC(=O)c1cccc2cn(nc12)c3ccc(cc3)[C@@H]4CCCNC4
754356,754356,717907-75-0,PF-562271,Clinical trial,"PK:YK,FAK",NA,CN(c1ncccc1CNc2nc(Nc3ccc4NC(=O)Cc4c3)ncc2C(F)(F)F)S(=O)(=O)C
754357,754357,927880-90-8,RAF-265,Clinical trial,GTPase|PK:BRAF,NA,Cn1c(Nc2ccc(cc2)C(F)(F)F)nc3cc(Oc4ccnc(c4)c5ncc([nH]5)C(F)(F)F)ccc13
754358,754358,787632-66-0,JNJ-27291199,Clinical trial,Apo|MDM2,NA,C[C@@H](N1[C@H](C(=O)N(CCCN2CCN(C)CC2)c3ccc(I)cc3C1=O)c4ccc(Cl)cc4)c5ccc(Cl)cc5N
754359,754359,934963-58-3,AEG-40730,Clinical trial,Apo|IAP,NA,CN[C@@H](C)C(=O)N[C@@H]([C@@H](C)OCC#CC#CCO[C@@H](C)[C@H](NC(=O)C(C)NC)C(=O)N1CCC[C@@H]1CN(CCc2ccccc2)C(=O)C(F)(F)F)C(=O)N3CCC[C@H]3CN(CCc4ccccc4)C(=O)C(F)(F)F
754360,754360,1201143-87-4,MI-219,Clinical trial,Apo|MDM2,NA,[Cl-].CC(C)(C)C[C@H]1NC([C@H](c2cccc(Cl)c2)[C@@]13C(=O)Nc4cc(Cl)c(F)cc34)C(=O)NCC[C@H](O)CO
754361,754361,1036991-21-5,Astex FGF inhibitor,Clinical trial,"PK:YK,FGFR",NA,[Cl-].Fc1ccc(cc1)c2ccn3c(cnc3c2)c4cccc(NC(=O)NCC(F)(F)F)c4
754362,754362,405554-55-4,SB-590885,Clinical trial,"GTPase|PK:YK,BRAF",NA,CN(C)CCOc1ccc(cc1)c2nc(c3ccncc3)c([nH]2)c4ccc5\C(=N\O)\CCc5c4
754364,754364,877874-85-6,Targegen B-Raf/PDGFR inhibitor Cpd 6,Clinical trial,"GTPase|PK:YK,PDGFR,BRAF",NA,CSc1nc(N)cc(Oc2ccc(cc2)c3nnc(Nc4cccc(c4)C(F)(F)F)[nH]3)n1
754365,754365,346689-77-8,MLN-576,Clinical trial,T2|T1,NA,COc1cccc2c1ccc3nc4cccc(C(=O)N[C@H](C)CN(C)C)c4nc23
754366,754366,343247-32-5,XR-5944,Clinical trial,T2|T1,NA,Cc1cccc2nc3cccc(C(=O)NCCNCCNCCNC(=O)c4cccc5nc6cccc(C)c6nc45)c3nc12
754367,754367,89459-25-6,XR-5000,Clinical trial,T2|T1,NA,CN(C)CCNC(=O)c1cccc2cc3ccccc3nc12
754771,754771,84625-61-6,Itraconazole,Clinical trial,AM,NA,CCC(C)N1N=CN(C1=O)c2ccc(cc2)N3CCN(CC3)c4ccc(OCC5COC(Cn6cncn6)(O5)c7ccc(Cl)cc7Cl)cc4
755385,755385,957054-30-7,GDC-0941,Clinical trial,PK:PIK3,NA,CS(=O)(=O)N1CCN(Cc2cc3nc(nc(N4CCOCC4)c3s2)c5cccc6[nH]ncc56)CC1
755386,755386,336113-53-2,CK-0238273,Clinical trial,Tu|CC|CDH16|Kinesin|PK:YK,NA,CC(C)[C@@H](N(CCCN)C(=O)c1ccc(C)cc1)C2=Nc3cc(Cl)ccc3C(=O)N2Cc4ccccc4
755387,755387,781661-94-7,YM-155,Clinical trial,Apo|BIRC5,NA,[Br-].COCCn1c(C)[n+](Cc2cnccn2)c3C(=O)c4ccccc4C(=O)c13
755389,755389,380843-75-4,Bosutinib isomer,FDA approved,"STAT|BCR-ABL|STAT5A/B|PK:YK,LYN,SRC,HCK",NA,COc1cc2c(Nc3cc(Cl)c(OC)c(Cl)c3)c(cnc2cc1OCCCN4CCN(C)CC4)C#N
755400,755400,790299-79-5,AB-1010,Clinical trial,"PK:YK,PDGFR,FGFR,KIT",NA,CN1CCN(Cc2ccc(cc2)C(=O)Nc3ccc(C)c(Nc4nc(cs4)c5cccnc5)c3)CC1
755606,755606,288383-20-0,AZD-2171,Clinical trial,"PK:YK,VEGF,VEGFR",NA,COc1cc2c(Oc3ccc4[nH]c(C)cc4c3F)ncnc2cc1OCCCN5CCCC5
755762,755762,747412-49-3,AUY-922,Clinical trial,HSP90,NA,CCNC(=O)c1noc(c2cc(C(C)C)c(O)cc2O)c1c3ccc(CN4CCOCC4)cc3
755763,755763,1236699-92-5 ,AS-703026,Clinical trial,"PK:STK,YK,MAP2K,MAP2K1,MAP2K2",NA,OC[C@@H](O)CNC(=O)c1ccncc1Nc2ccc(I)cc2F
755766,755766,127243-85-0,H-89,Clinical trial,Protein kinase A|PK:STK,NA,[Cl-].Brc1ccc(\C=C\CNCCNS(=O)(=O)c2cccc3cnccc23)cc1
755770,755770,391210-10-9,PD-0325901,Clinical trial,"PK:STK,MAP2K",NA,OC[C@@H](O)CONC(=O)c1ccc(F)c(F)c1Nc2ccc(I)cc2F
755774,755774,62996-74-1,AM-2282,Clinical trial,PK:PRKCA,NA,CN[C@@H]1C[C@H]2O[C@@](C)([C@@H]1OC)n3c4ccccc4c5c6CNC(=O)c6c7c8ccccc8n2c7c35
755775,755775,849217-64-7,XL-880,Clinical trial,"PK:YK,MET,AXL,VEGFR,RON",NA,COc1cc2c(Oc3ccc(NC(=O)C4(CC4)C(=O)Nc5ccc(F)cc5)cc3F)ccnc2cc1OCCCN6CCOCC6
755927,755927,1213269-23-8,WZ-4002,Clinical trial,"PK:YK,EGFR",NA,COc1cc(ccc1Nc2ncc(Cl)c(Oc3cccc(NC(=O)C=C)c3)n2)N4CCN(C)CC4
755980,755980,417716-92-8,E-7080,FDA approved,"PK:YK,PDGFR,FGFR,VEGFR,RET",NA,COc1cc2nccc(Oc3ccc(NC(=O)NC4CC4)c(Cl)c3)c2cc1C(=O)N
755983,755983,755038-02-9,BI-2536,Clinical trial,"PK:STK,PLK1",NA,CC[C@H]1N(C2CCCC2)c3nc(Nc4ccc(cc4OC)C(=O)NC5CCN(C)CC5)ncc3N(C)C1=O
756641,756641,780757-88-2,ICG-001,Clinical trial,Apo|Wnt|CTNNB1,NA,Oc1ccc(C[C@@H]2N3[C@H](CN(Cc4cccc5ccccc45)C2=O)N(CCC3=O)C(=O)NCc6ccccc6)cc1
756642,756642,209783-80-2,MS-275,Clinical trial,HDAC,NA,Nc1ccccc1NC(=O)c2ccc(CNC(=O)OCc3cccnc3)cc2
756643,756643,897016-82-9,KX2-391,Clinical trial,"PK:YK,SRC",NA,O=C(Cc1ccc(cn1)c2ccc(OCCN3CCOCC3)cc2)NCc4ccccc4
756644,756644,917828-48-9,PF-01367338,Clinical trial,PARP|PARP1,NA,CNCc1ccc(cc1)c2[nH]c3cc(F)cc4C(=O)NCCc2c34
756645,756645,877399-52-5,Crizotinib,FDA approved,"PK:YK,MET,ALK",131408690,C[C@@H](Oc1cc(cnc1N)c2cnn(c2)C3CCNCC3)c4c(Cl)ccc(F)c4Cl
756647,756647,950769-58-1,AC-220,Clinical trial,"PK:YK,PDGFR,FLT,KIT,FLT3",NA,CC(C)(C)c1onc(NC(=O)Nc2ccc(cc2)c3cn4c5ccc(OCCN6CCOCC6)cc5sc4n3)c1
756652,756652,867160-71-2,ASP-7487,Clinical trial,"PK:YK,IGF1R",NA,C[C@@]1(O)C[C@@H](C1)c2nc(c3ccc4ccc(nc4c3)c5ccccc5)c6c(N)nccn26
756656,756656,1032350-13-2,MK-2206,Clinical trial,"PK:STK,AKT,AKT1,AKT2,AKT3",NA,[Cl-].NC1(CCC1)c2ccc(cc2)c3nc4C=CN5C(=O)NN=C5c4cc3c6ccccc6
756657,756657,742112-33-0,OSU-03012,Clinical trial,"PK:STK,PDK1",NA,NCC(=O)Nc1ccc(cc1)n2nc(cc2c3ccc4c(ccc5ccccc45)c3)C(F)(F)F
756658,756658,742112-34-1,OSU-03013,Clinical trial,"PK:STK,PDK1",NA,NC(=N)Nc1ccc(cc1)n2nc(cc2c3ccc4c(ccc5ccccc45)c3)C(F)(F)F
756659,756659,656247-18-6,BIBF-1120,Clinical trial,"PK:YK,PDGFR,FGFR,VEGFR,FLT3",NA,CCS(=O)(=O)O.COC(=O)c1ccc2\C(=C(\Nc3ccc(cc3)N(C)C(=O)CN4CCN(C)CC4)/c5ccccc5)\C(=O)Nc2c1
756660,756660,117-39-5,LNS-5662,Clinical trial,T2|AO,NA,OC1=C(Oc2cc(O)cc(O)c2C1=O)c3ccc(O)c(O)c3
756661,756661,50-53-3 ,Chlorpromazine,FDA approved,,NA,CN(C)CCCN1c2ccccc2Sc3ccc(Cl)cc13
756662,756662,666752-22-3,SR-13654,Clinical trial,BIRC5|PK:YK,NA,CCOC(=O)c1ccc2[nH]c(Cc3[nH]c4ccc(cc4c3C)C(=O)OCC)c(C)c2c1
756663,756663,803712-79-0,GX15-070,Clinical trial,Apo|BCL2,NA,COC1=CC(=N/C/1=C/c2[nH]c(C)cc2C)c3cc4ccccc4[nH]3.CS(=O)(=O)O
756874,756874,220036-08-8,NU-6027,Clinical trial,"PK:STK,ATR",NA,Nc1nc(N)c(N=O)c(OCC2CCCCC2)n1
756875,756875,548472-68-0,(+/-)-Nutlin-3,Clinical trial,Apo|MDM2,NA,COc1ccc(C2=N[C@H]([C@H](N2C(=O)N3CCNC(=O)C3)c4ccc(Cl)cc4)c5ccc(Cl)cc5)c(OC(C)C)c1
756876,756876,675576-98-4,(-)-Nutlin-3,Clinical trial,Apo|MDM2,NA,COc1ccc(C2=N[C@H]([C@H](N2C(=O)N3CCNC(=O)C3)c4ccc(Cl)cc4)c5ccc(Cl)cc5)c(OC(C)C)c1
756879,756879,170632-47-0,YC-1,Clinical trial,HYP|HIF1|EPAS1,NA,OCc1oc(cc1)c2nn(Cc3ccccc3)c4ccccc24
757148,757148,860352-01-8,AZD-7762,Clinical trial,"PK:STK,CHEK,CHEK1,CHEK2",NA,NC(=O)Nc1cc(sc1C(=O)N[C@H]2CCCNC2)c3cccc(F)c3
757149,757149,755038-65-4,BI-6727,Clinical trial,"PK:STK,PLK1",NA,CC[C@H]1N(C(C)C)c2nc(Nc3ccc(cc3OC)C(=O)N[C@@H]4CC[C@H](CC4)N5CCN(CC6CC6)CC5)ncc2N(C)C1=O
757333,757333,1173928-26-1,SGI-1776,Clinical trial,"PK:STK,PIM1",NA,CN1CCC(CNc2ccc3ncc(c4cccc(OC(F)(F)F)c4)n3n2)CC1
757334,757334,1150339-93-7,Cpd-401,Clinical trial,STAT|STAT3,NA,CN(C(=O)c1ccc(cc1)C(F)(F)F)c2ccc(Oc3ccc4c(c3)cc(C(=O)N5CCN(Cc6ccc(OC(F)F)cc6)CC5)n4C)nc2
757437,757437,53003-10-4,VS-507,Clinical trial,Apo|Ab|CD133,NA,CC[C@H]([C@H]1CC[C@H](C)[C@@H](O1)[C@@H](C)[C@H](O)[C@H](C)C(=O)[C@H](CC)[C@H]2O[C@@]3(O[C@@]4(CC[C@](C)(O4)[C@H]5CC[C@](O)(CC)[C@H](C)O5)[C@H](O)C=C3)[C@H](C)C[C@@H]2C)C(=O)O
757439,757439,698387-09-6,WAY-179272 ,Clinical trial,"PK:YK,EGFR,ERBB2",NA,CCOc1cc2ncc(C#N)c(Nc3ccc(OCc4ccccn4)c(Cl)c3)c2cc1NC(=O)\C=C\CN(C)C
757440,757440,572924-54-0,MK-8669,Clinical trial,"PK:STK,MTOR",NA,CO[C@@H]1C[C@H](C[C@@H](C)[C@@H]2CC(=O)[C@H](C)\C=C(/C)\[C@@H](O)[C@@H](OC)C(=O)[C@H](C)C[C@H](C)\C=C\C=C\C=C(/C)\[C@H](C[C@@H]3CC[C@@H](C)[C@@](O)(O3)C(=O)C(=O)N4CCCC[C@H]4C(=O)O2)OC)CC[C@H]1OP(=O)(C)C
757441,757441,319460-85-0,Axitinib,FDA approved,"PK:YK,PDGFR,VEGFR",144075334,CNC(=O)c1ccccc1Sc2ccc3c(\C=C\c4ccccn4)n[nH]c3c2
757444,757444,957881-03-7,AZD-1152,Clinical trial,"PK:STK,AURK",NA,CCN(CCO)CCCOc1ccc2c(Nc3cc(CC(=O)Nc4cccc(F)c4)n[nH]3)ncnc2c1
758005,758005,848942-61-0,AZD-8931,Clinical trial,"PK:YK,EGFR,ERBB2",NA,CNC(=O)CN1CCC(CC1)Oc2cc3c(Nc4cccc(Cl)c4F)ncnc3cc2OC
758007,758007,475108-18-0,ASP-4130,Clinical trial,"PK:YK,MET,PDGFR,FGFR,KIT,VEGFR,FLT3",NA,COc1cc2nccc(Oc3ccc(NC(=O)Nc4cc(C)on4)c(Cl)c3)c2cc1OC
758242,758242,1000873-98-2,ARQ-197,Clinical trial,"PK:YK,MET",NA,O=C1NC(=O)[C@H]([C@@H]1c2c[nH]c3ccccc23)c4cn5CCCc6cccc4c56
758243,758243,1001350-96-4,BMS-754807,Clinical trial,"PK:YK,IGF1R",NA,C[C@]1(CCCN1c2nc(Nc3cc(n[nH]3)C4CC4)c5cccn5n2)C(=O)Nc6ccc(F)nc6
758245,758245,934353-76-1,ENMD-2076,Clinical trial,"PK:STK,AURK",NA,CN1CCN(CC1)c2cc(Nc3cc(C)[nH]n3)nc(\C=C\c4ccccc4)n2.O[C@H]([C@@H](O)C(=O)O)C(=O)O
758246,758246,1204531-25-8 ,GSK-1120212,FDA approved,"PK:STK,MAP2K,MAP2K1,MAP2K2",NA,CN1C(=O)C(=C2N(C(=O)N(C3CC3)C(=O)C2=C1Nc4ccc(I)cc4F)c5cccc(NC(=O)C)c5)C
758247,758247,571190-30-2,PD-0332991,FDA approved,"PK:STK,CDK,CDK4,CDK6",NA,CC(=O)C1=C(C)c2cnc(Nc3ccc(cn3)N4CCNCC4)nc2N(C5CCCC5)C1=O
758248,758248,946128-88-7,RO-5126766,Clinical trial,"GTPase|PK:STK,YK,MAP2K,RAF,MAP2K1,MAP2K2",NA,CNS(=O)(=O)Nc1nccc(CC2=C(C)c3ccc(Oc4ncccn4)cc3OC2=O)c1F
758249,758249,929016-96-6,SB-939,Clinical trial,HDAC,NA,CCCCc1nc2cc(\C=C\C(=O)NO)ccc2n1CCN(CC)CC
758250,758250,1146618-41-8,SNS-314,Clinical trial,"PK:STK,AURK",NA,CS(=O)(=O)O.Clc1cccc(NC(=O)Nc2ncc(CCNc3ncnc4ccsc34)s2)c1
758251,758251,69408-81-7,CGX-571,Clinical trial,T2,NA,CN(C)CCN1C(=O)c2cccc3cc(N)cc(C1=O)c23
758252,758252,868540-17-4,Carfilzomib,FDA approved,PSM,NA,CC(C)C[C@H](NC(=O)[C@H](CCc1ccccc1)NC(=O)CN2CCOCC2)C(=O)N[C@@H](Cc3ccccc3)C(=O)N[C@@H](CC(C)C)C(=O)[C@@]4(C)CO4
758253,758253,26833-87-4,Omacetaxine mepasuccinate,FDA approved,Apo|Ang|Pi,NA,COC(=O)C[C@](O)(CCCC(C)(C)O)C(=O)O[C@H]1[C@H]2c3cc4OCOc4cc3CCN5CCC[C@]25C=C1OC
758254,758254,12101902-80-8,MLN-9708,FDA approved,PSM,NA,CC(C)C[C@H](NC(=O)CNC(=O)c1cc(Cl)ccc1Cl)B2OC(=O)CC(CC(=O)O)(O2)C(=O)O
758255,758255,,NSC758255,FDA approved,T2,NA,COc1cc(cc(OC)c1O)[C@H]2[C@@H]3[C@H](COC3=O)[C@H](O[C@@H]4O[C@@H]5CO[C@H](O[C@H]5[C@H](O)[C@H]4O)c6cccs6)c7cc8OCOc8cc27
758256,758256,1197160-78-3,PF-05212384,Clinical trial,"PK:STK,PIK3,MTOR",NA,CN(C)C1CCN(CC1)C(=O)c2ccc(NC(=O)Nc3ccc(cc3)c4nc(nc(n4)N5CCOCC5)N6CCOCC6)cc2
758257,758257,1234015-52-1,LY-2606368,Clinical trial,"PK:STK,CHEK,CHEK1",NA,[Cl-].COc1cccc(OCCCN)c1c2cc(Nc3cnc(cn3)C#N)n[nH]2
758485,758485,702674-56-4,BX-912,Clinical trial,"PK:STK,PDK1",NA,Brc1cnc(Nc2cccc(NC(=O)N3CCCC3)c2)nc1NCCc4c[nH]cn4
758487,758487,943319-70-8,Ponatinib,FDA approved,BCR-ABL|PK:YK,NA,CN1CCN(Cc2ccc(NC(=O)c3ccc(C)c(c3)C#Cc4cnc5cccnn45)cc2C(F)(F)F)CC1
758488,758488,917111-44-5,CYT-997,Clinical trial,Tu|Tu-frag,NA,CCC[C@H](Nc1nc(ncc1C)c2ccc(NC(=O)NCC)c(OC)c2)c3cccnc3
758489,758489,204205-90-3 ,ZIP-301,Clinical trial,Tu|Tu-frag|PK:PTK,NA,Clc1ccc(Cn2cc(C(=O)C(=O)Nc3ccncc3)c4ccccc24)cc1
758490,758490,181630-15-9,AMD-473,Clinical trial,A7|CC|IDNARep,NA,Cc1cccc[n+]1[Pt+2](N)([ClH-])[ClH-]
758774,758774,414864-00-9,PD-105684,FDA approved,HDAC,NA,ONC(=O)\C=C\c1cccc(c1)S(=O)(=O)Nc2ccccc2
758871,758871,1009298-09-2,AZD-8055,Clinical trial,"PK:STK,MTOR",NA,COc1ccc(cc1CO)c2ccc3c(nc(nc3n2)N4CCOC[C@@H]4C)N5CCOC[C@@H]5C
758872,758872,379231-04-6,AZD-0530,Clinical trial,"PK:YK,FYN,LYN,FGFR,SRC,BLK,LCK,YES1",NA,CN1CCN(CCOc2cc(OC3CCOCC3)c4c(Nc5c(Cl)ccc6OCOc56)ncnc4c2)CC1
758873,758873,852808-04-9,ABT-737,Clinical trial,Apo|BCL2,NA,CN(C)CC[C@H](CSc1ccccc1)Nc2ccc(cc2[N+](=O)[O-])S(=O)(=O)NC(=O)c3ccc(cc3)N4CCN(Cc5ccccc5c6ccc(Cl)cc6)CC4
759094,759094,934353-75-0,ENMD-2076 Precursor,Clinical trial,"PK:STK,AURK",NA,CN1CCN(CC1)c2cc(Nc3cc(C)[nH]n3)nc(n2)C#Cc4ccccc4
759096,759096,143621-35-6 ,3-AP,Clinical trial,Dr|CC,NA,NC(=S)N\N=C\c1ncccc1N
759498,759498,693228-63-6,CYC-116,Clinical trial,"PK:STK,AURK",NA,Cc1nc(N)sc1c2ccnc(Nc3ccc(cc3)N4CCOCC4)n2
759657,759657,875320-29-9,JNJ-26481585,Clinical trial,HDAC,NA,Cn1cc(CNCC2CCN(CC2)c3ncc(cn3)C(=O)NO)c4ccccc14
759658,759658,1227911-45-6,GSK-2334470,Clinical trial,"PK:STK,PDK1",NA,CNc1nc(cc(n1)c2ccc3c(N)n[nH]c3c2)N4C[C@@H](CC[C@@H]4C)C(=O)NC5CCCCC5
759659,759659,923564-51-6,ABT-263,Clinical trial,Apo|BCL2,NA,CC1(C)CCC(=C(CN2CCN(CC2)c3ccc(cc3)C(=O)NS(=O)(=O)c4ccc(N[C@H](CCN5CCOCC5)CSc6ccccc6)c(c4)S(=O)(=O)C(F)(F)F)C1)c7ccc(Cl)cc7
759660,759660,1187559-66-5,OSI-027,Clinical trial,"PK:STK,MTOR",NA,[Na+].COc1cccc2cc([nH]c12)c3nc(C4CCC(CC4)C(=O)O)n5ncnc(N)c35
759661,759661,405169-16-6,CHIR-258,Clinical trial,"PK:YK,MET,PDGFR,EGFR,FGFR,KIT,VEGFR,FLT3",NA,CN1CCN(CC1)c2ccc3nc([nH]c3c2)C4=C(N)c5c(F)cccc5NC4=O
759674,759674,1138325-13-9,ONX-0803,Clinical trial,"PK:YK,JAK,JAK2",NA,c1c[nH]c2=Nc3ccc(c(c3)COCC=CCCOc3cc(c1n2)ccc3)OCCN1CCCC1
759675,759675,1000669-72-6,KW-2449,Clinical trial,"BCR-ABL|PK:STK,AURK,FLT,FLT3",NA,O=C(N1CCNCC1)c2ccc(\C=C\c3n[nH]c4ccccc34)cc2
759676,759676,371935-74-9,PI-103,Clinical trial,"PK:PIK3,MTOR",NA,Oc1cccc(c1)c2nc(N3CCOCC3)c4oc5ncccc5c4n2
759677,759677,1028486-01-2 ,MLN-8237,Clinical trial,"PK:STK,AURK",NA,COc1cccc(F)c1C2=NCc3cnc(Nc4ccc(C(=O)O)c(OC)c4)nc3c5ccc(Cl)cc25
759905,759905,1186222-89-8,4SC-202,Clinical trial,HDAC,NA,Cc1ccc(cc1)S(=O)(=O)O.Cn2cc(cn2)c3ccc(cc3)S(=O)(=O)n4ccc(\C=C\C(=O)Nc5ccccc5N)c4
760143,760143,726169-73-9,MG-0103,Clinical trial,HDAC,NA,Nc1ccccc1NC(=O)c2ccc(CNc3nccc(n3)c4cccnc4)cc2
760144,760144,896466-76-5,AT-9283,Clinical trial,"PK:STK,AURK",NA,O=C(NC1CC1)Nc2c[nH]nc2c3nc4cc(CN5CCOCC5)ccc4[nH]3
760442,760442,658084-64-1,AP0-866,Clinical trial,NAMPT|PK:YK,NA,[Cl-].O=C(NCCCCC1CCN(CC1)C(=O)c2ccccc2)\C=C\c3cccnc3
760443,760443,1032568-63-0,BAY-80-6946,Clinical trial,PK:PIK3,NA,COc1c(OCCCN2CCOCC2)ccc3C4=NCCN4C(=Nc13)NC(=O)c5cnc(N)nc5.OC(=O)C(F)(F)F
760444,760444,192185-68-5,R-115777,Clinical trial,FT|PK:YK,NA,CN1C(=O)C=C(c2cccc(Cl)c2)c3cc(ccc13)[C@](N)(c4ccc(Cl)cc4)c5cncn5C
760536,760536,1013101-36-4,PF-04691502,Clinical trial,PK:PIK3,NA,COc1ccc(cn1)C2=Cc3c(C)nc(N)nc3N([C@@H]4CC[C@H](CC4)OCCO)C2=O
760764,760764,175414-77-4 ,SNS-595; SPC-595,Clinical trial,T2,NA,CN[C@H]1CN(C[C@@H]1OC)c2ccc3C(=O)C(=CN(c4nccs4)c3n2)C(=O)O
760765,760765,859853-30-8,BMS-690514,Clinical trial,"PK:YK,EGFR,ERBB2,VEGFR",NA,COc1cccc(Nc2ncnn3ccc(CN4CC[C@@H](N)[C@H](O)C4)c23)c1
760766,760766,443913-73-3,Vandetanib,FDA approved,"PK:YK,PDGFR,EGFR,VEGFR,RET",131408693,COc1cc2c(Nc3ccc(Br)cc3F)ncnc2cc1OCC4CCN(C)CC4
760841,760841,387867-13-2,MLN-518,Clinical trial,"PK:YK,PDGFR,FLT,KIT,FLT3",NA,COc1cc2c(ncnc2cc1OCCCN3CCCCC3)N4CCN(CC4)C(=O)Nc5ccc(OC(C)C)cc5
760842,760842,892546-37-1,BIM-46187,Clinical trial,Apo|GTPase|CASP,NA,[Cl-].N[C@@H](CSSC[C@H](N)C(=O)N1CCn2cc(nc2[C@@H]1CC3CCCCC3)c4ccccc4)C(=O)N5CCn6cc(nc6[C@@H]5CC7CCCCC7)c8ccccc8
760843,760843,453562-69-1,AMG-706,Clinical trial,"PK:YK,PDGFR,KIT,VEGFR,RET",NA,CC1(C)CNc2cc(NC(=O)c3cccnc3NCc4ccncc4)ccc12
761068,761068,1140909-48-3,Cabozantinib,FDA approved,"PK:YK,MET,AXL,KIT,VEGFR,FLT3,RET",NA,COc1cc2nccc(Oc3ccc(NC(=O)C4(CC4)C(=O)Nc5ccc(F)cc5)cc3)c2cc1OC
761069,761069,945595-80-2,AMG-900,Clinical trial,"PK:STK,AURK",NA,Cc1csc(c1)c2nnc(Nc3ccc(Oc4ncccc4c5ccnc(N)n5)cc3)c6ccccc26
761070,761070,1232410-49-9,VE-821,Clinical trial,"PK:STK,ATR",NA,CS(=O)(=O)c1ccc(cc1)c2cnc(N)c(n2)C(=O)Nc3ccccc3
761188,761188,911222-45-2,LY-2603618,Clinical trial,"PK:STK,CHEK,CHEK1",NA,Cc1cnc(NC(=O)Nc2cc(Br)c(C)cc2OC[C@@H]3CNCCO3)cn1
761189,761189,432037-57-5,EB-1627,Clinical trial,Apo|NAMPT,NA,[Cl-].COCCOCCOCCOCCOC(=O)OC[n+]1ccc(N\C(=N\C#N)\NCCCCCCOc2ccc(Cl)cc2)cc1
761190,761190,404950-80-7,LBH-589,FDA approved,HDAC,NA,Cc1[nH]c2ccccc2c1CCNCc3ccc(\C=C\C(=O)NO)cc3
761191,761191,1197958-36-3,AP-26113,Clinical trial,"PK:YK,ALK,EGFR",NA,COc1cc(OCCCN2CCCC2)ccc1Nc3ncc(Cl)c(Nc4ccccc4P(=O)(C)C)n3
761192,761192,1160295-21-5,MLN-4924,Clinical trial,NFkB|NEDD8,NA,NS(=O)(=O)OC[C@@H]1C[C@H](C[C@@H]1O)n2ccc3c(N[C@H]4CCc5ccccc45)ncnc23
761193,761193,1009820-21-6,CX-4945,Clinical trial,CK2|PK:STK,NA,OC(=O)c1ccc2c(c1)nc(Nc3cccc(Cl)c3)c4ccncc24
761194,761194,1061318-81-7,CUDC-305,Clinical trial,HSP90,NA,CN(C)c1cc2OCOc2cc1Sc3nc4c(N)nccc4n3CCNCC(C)(C)C
761215,761215,1035555-63-5,TAK-733,Clinical trial,"PK:STK,MAP2K,MAP2K1,MAP2K2",NA,CN1C(=O)C(=C(Nc2ccc(I)cc2F)C3=C1N=CN(C[C@@H](O)CO)C3=O)F
761386,761386,1218778-77-8,"LDE-225, diphosphonate salt",FDA approved,SMO|Hg-Smo,NA,C[C@@H]1CN(C[C@H](C)O1)c2ccc(NC(=O)c3cccc(c3C)c4ccc(OC(F)(F)F)cc4)cn2.OP(=O)(O)O
761387,761387,885499-61-6,CCT-128930,Clinical trial,"PK:STK,AKT,AKT2",NA,NC1(Cc2ccc(Cl)cc2)CCN(CC1)c3ncnc4[nH]ccc34
761432,761432,183133-96-2,Cabazitaxel,FDA approved,Tu|Tu-stab,131408692,CO[C@H]1C[C@H]2OC[C@@]2(OC(=O)C)[C@H]3[C@H](OC(=O)c4ccccc4)[C@]5(O)C[C@H](OC(=O)[C@H](O)[C@@H](NC(=O)OC(C)(C)C)c6ccccc6)C(=C([C@@H](OC)C(=O)[C@]13C)C5(C)C)C
761691,761691,1094069-99-4,SCH-1473759,Clinical trial,"PK:STK,AURK",NA,CCN(Cc1cc(Nc2nc(C)cn3c(cnc23)c4cn[nH]c4)sn1)C(C)(C)CO
761692,761692,1196681-38-5,MK-8033,Clinical trial,"PK:YK,MET",NA,Cn1cc(cn1)c2cnc3C=Cc4ccc(CS(=O)(=O)NCc5ccccn5)cc4C(=O)c3c2
761693,761693,1286238-55-8,Vertex ATR inhibitor Cpd 45,Clinical trial,"PK:STK,ATR",NA,CC(CN(C)C)S(=O)(=O)c1ccc(cc1)c2cnc(N)c(n2)C(=O)Nc3ccccc3
761759,761759,1157847-46-5,TAK-960 analog,Clinical trial,"PK:STK,PLK1",NA,COc1cc(ccc1Nc2ncc3N(C)C(=O)C(C)(C)CN(C4CCCC4)c3n2)C(=O)N[C@@H]5CCCN(C)C5
761760,761760,468740-43-4,BMS-536924,Clinical trial,"PK:YK,IGF1R",NA,Cc1cc(cc2[nH]c(nc12)C3=C(NC[C@@H](O)c4cccc(Cl)c4)C=CNC3=O)N5CCOCC5
761879,761879,1253836-17-7,ITRI-260,Clinical trial,"PK:YK,FLT,FLT3",NA,CN1CCN(CC1)c2ccc3[nH]c(nc3c2)C4=C5C=CC=CC=C5NC4=O
761910,761910,936563-96-1,PCI-32765,FDA approved,"PK:YK,BTK",NA,Nc1ncnc2c1c(nn2C3CCCN(C3)C(=O)C=C)c4ccc(Oc5ccccc5)cc4
761931,761931,904897-64-9,KHK Indazole,Clinical trial,"PK:YK,IGF1R",NA,O=C(Nc1ccccc1\C=C\c2n[nH]c3ccccc23)c4ccccc4
762151,762151,934541-31-8,TAK-901,Clinical trial,"PK:STK,AURK",NA,CCS(=O)(=O)c1cccc(c1)c2cc(C(=O)NC3CCN(C)CC3)c(C)c4[nH]c5ncc(C)cc5c24
762152,762152,960374-59-8,ONX-0914,Clinical trial,PSM,NA,O1CCN(CC1)CC(=O)N[C@H](C(=O)N[C@H](C(=O)N[C@H](C(=O)[C@]1(C)OC1)Cc1ccccc1)Cc1ccc(cc1)OC)C
762153,762153,918332-89-5,ST-3595,Clinical trial,HDAC,NA,COc1ccc(cc1)c2ccc(\C=C\C(=O)NO)cc2
762154,762154,1201692-18-3,Des-fluoro-TAK-960,Clinical trial,"PK:STK,PLK1",NA,COc1cc(ccc1Nc2ncc3N(C)C(=O)C(F)(F)CN(C4CCCC4)c3n2)C(=O)NC5CCN(C)CC5
762381,762381,900573-88-8,JI-101,Clinical trial,"PK:YK,EPHA4,PDGFR,VEGFR",NA,COc1ccc(Br)cc1NC(=O)Nc2cccc3c2ccn3Cc4ccnc(N)c4
762382,762382,1007207-67-1,CH-5132799,Clinical trial,PK:PIK3,NA,CS(=O)(=O)N1CCc2c1nc(nc2c3cnc(N)nc3)N4CCOCC4
762418,762418,1214266-16-6,TAK Plk inhibitor,Clinical trial,"PK:STK,PLK1",NA,CC[C@H]1N(C2CCCC2)c3nc(Nc4ccc(cc4OC)C(=O)NC5CCN(CC5)C6CCN(CC7CC7)CC6)ncc3n8cnc(C#N)c18
762419,762419,521064-34-6,CT-32228,Clinical trial,"AGPAT2|PK:YK,VEGFR",NA,Cc1ccc(Cl)cc1c2nc(N)nc(Nc3ccc(Br)cc3)n2
762521,762521,874101-00-5,RG-7167,Clinical trial,"PK:STK,MAP2K",NA,OCCONC(=O)c1cc(CN2OCCCC2=O)c(F)c(F)c1Nc3ccc(I)cc3F
762598,762598,798577-91-0,BAL-27862,Clinical trial,Tu|Tu-frag,NA,Nc1ccc(cc1)C(=O)Cn2c(nc3ccccc23)c4nonc4NCCC#N
762673,762673,1204918-72-8,SB-1317,Clinical trial,"PK:STK,CDK,ERK,FLT,JAK,FLT3",NA,CN1C\C=C\CCOc2cccc(c2)c3ccnc(Nc4cccc(C1)c4)n3
763444,763444,952021-60-2,PF-477736,Clinical trial,"PK:STK,CHEK,CHEK1",NA,Cn1cc(cn1)c2[nH]c3cc(NC(=O)[C@H](N)C4CCCCC4)cc5C(=O)NN=Cc2c35
763525,763525,839707-37-8,SC-1,Clinical trial,"GTPase|RAS|RASA1|PK:STK,MAP3K",NA,CN1C(=O)N(Cc2cnc(Nc3cc(C)nn3C)nc12)c4cc(NC(=O)c5cccc(c5)C(F)(F)F)ccc4C
763526,763526,670220-88-9,CP-868596,Clinical trial,"PK:YK,PDGFR,KIT,VEGFR,TEK,FLT3",NA,CC1(COc2ccc3c(c2)ncn3c4ccc5cccc(N6CCC(N)CC6)c5n4)COC1
763564,763564,858668-07-2,EMD-534085,Clinical trial,CDH16|Kinesin|PK:YK,NA,CN(C)CCNC(=O)NC[C@H]1CC[C@H]2[C@@H](Nc3ccc(cc3[C@H]2O1)C(F)(F)F)c4ccccc4
763579,763579,912999-49-6,AT-13387,Clinical trial,HSP90,NA,CC(C)c1cc(C(=O)N2Cc3ccc(CN4CCN(C)CC4)cc3C2)c(O)cc1O
763832,763832,916151-99-0,LOR-253,Clinical trial,KLF4|MTF1,NA,c1nc2c(cc1)c1c(c3c2nccc3)[nH]c(n1)c1c2c(cc(cc2)F)[nH]c1C
763930,763930,871357-89-0,AS-703569,Clinical trial,PK:AURK,NA,CN1CCN(CC1)c2ccc(Nc3ncc(F)c(N[C@@H]4[C@@H]5C[C@@H](C=C5)[C@@H]4C(=O)N)n3)cc2C
763932,763932,755037-03-7,Regorafenib,FDA approved,"GTPase|PK:STK,YK,PDGFR,FGFR,KIT,MAP2K,RAF,VEGFR,RET",NA,CNC(=O)c1cc(Oc2ccc(NC(=O)Nc3ccc(Cl)c(c3)C(F)(F)F)c(F)c2)ccn1
764036,764036,779353-01-4,MK-7965,Clinical trial,"PK:STK,CDK,CDK1,CDK2,CDK5,CDK9",NA,CCc1cnn2c(NCc3ccc[n+]([O-])c3)cc(nc12)N4CCCC[C@H]4CCO
764039,764039,1143532-39-1,AZD-5363,Clinical trial,"PK:STK,AKT,AKT1,AKT2,AKT3",NA,NC1(CCN(CC1)c2ncnc3[nH]ccc23)C(=O)N[C@@H](CCO)c4ccc(Cl)cc4
764040,764040,1256589-74-8,CH-5424802,FDA approved,"PK:YK,PIK3,ALK,MTOR",NA,CCc1cc2C(=O)c3c([nH]c4cc(ccc34)C#N)C(C)(C)c2cc1N5CCC(CC5)N6CCOCC6
764041,764041,761439-42-3,TAE-684,Clinical trial,"PK:YK,ALK",NA,COc1cc(ccc1Nc2ncc(Cl)c(Nc3ccccc3S(=O)(=O)C(C)C)n2)N4CCC(CC4)N5CCN(C)CC5
764042,764042,1201685-05-3,ARRY-162,Clinical trial,"PK:STK,MAP2K,MAP2K1,MAP2K2",NA,Cn1cnc2c(F)c(Nc3ccc(Br)cc3F)c(cc12)C(=O)NOCCO
764043,764043,1268524-70-4,(+)-JQ1,Clinical trial,BRD,NA,Cc1sc2c(C(=N[C@@H](CC(=O)OC(C)(C)C)c3nnc(C)n23)c4ccc(Cl)cc4)c1C
764091,764091,1256580-46-7,GDC-0980,FDA approved,"PK:YK,PIK3,ALK,MTOR",NA,C[C@H](O)C(=O)N1CCN(Cc2sc3c(nc(nc3c2C)c4cnc(N)nc4)N5CCOCC5)CC1
764092,764092,1086062-66-9,GSK-2126458,Clinical trial,PK:PIK3,NA,COc1ncc(cc1NS(=O)(=O)c2ccc(F)cc2F)c3ccc4nccc(c5ccnnc5)c4c3
764136,764136,783355-60-2,PCI-24781,Clinical trial,HDAC,NA,CN(C)Cc1c(oc2ccccc12)C(=O)NCCOc3ccc(cc3)C(=O)NO
764237,764237,796967-16-3,ABT-869,Clinical trial,"PK:YK,CSF1R,PDGFR,VEGFR,FLT3,KDR",NA,Cc1ccc(F)c(NC(=O)Nc2ccc(cc2)c3cccc4[nH]nc(N)c34)c1
764239,764239,1035270-39-3,AZD-4547,Clinical trial,"PK:YK,FGFR,FGFR1,FGFR2,FGFR3",NA,COc1cc(CCc2cc(NC(=O)c3ccc(cc3)N4C[C@@H](C)N[C@@H](C)C4)n[nH]2)cc(OC)c1
764334,764334,847499-27-8,CEP-18770,Clinical trial,PSM,NA,C(=O)(c1nc(ccc1)c1ccccc1)N[C@@H]([C@H](O)C)C(=O)N[C@@H](CC(C)C)[B](O)O
764481,764481,649735-63-7,BMS-582664,Clinical trial,"PK:YK,FGFR,VEGFR",NA,C[C@H](COc1cn2ncnc(Oc3ccc4[nH]c(C)cc4c3F)c2c1C)OC(=O)[C@H](C)N
764487,764487,872511-34-7,BGJ-398,Clinical trial,"PK:FGFR,FGFR1,FGFR2,FGFR3,FGFR4",NA,CCN1CCN(CC1)c2ccc(Nc3cc(ncn3)N(C)C(=O)Nc4c(Cl)c(OC)cc(OC)c4Cl)cc2
764515,764515,1092351-67-1,PP-242,Clinical trial,PK:MTOR,NA,CC(C)n1nc(c2cc3cc(O)ccc3[nH]2)c4c(N)ncnc14
764516,764516,475110-96-4,ZSTK-474,Clinical trial,PK:PIK3,NA,FC(F)c1nc2ccccc2n1c3nc(nc(n3)N4CCOCC4)N5CCOCC5
764517,764517,1255580-76-7,UNC-0638,Clinical trial,EHMT2|EHMT1/2,NA,COc1cc2c(NC3CCN(CC3)C(C)C)nc(nc2cc1OCCCN4CCCC4)C5CCCCC5
764580,764580,917879-39-1,MK-2461,Clinical trial,"PK:MET,FGFR",NA,CN(C[C@@H]1COCCO1)S(=O)(=O)Nc2ccc3C=Cc4ncc(cc4C(=O)c3c2)c5cnn(C)c5
764608,764608,1263384-43-5,BAL-101553,Clinical trial,Tu-frag,NA,NCCCC[C@H](N)C(=O)Nc1ccc(cc1)C(=O)Cn2c(nc3ccccc23)c4nonc4NCCC#N
764658,764658,1224844-38-5,INK-128,Clinical trial,PK:MTOR,NA,CC(C)n1nc(c2ccc3oc(N)nc3c2)c4c(N)ncnc14
764659,764659,891494-63-6,SCH-900776,Clinical trial,"PK:STK,CHEK,CHEK1",NA,Cn1cc(cn1)c2cnn3c(N)c(Br)c(nc23)C4CCCNC4
764764,764764,501332-69-0,ONX-0801,Clinical trial,,NA,OCC1=Nc2cc3CCC(N(CC#C)c4ccc(cc4)C(=O)N[C@@H](CCC(=O)N[C@H](CCC(=O)O)C(=O)O)C(=O)O)c3cc2C(=O)N1
764820,764820,1229236-86-5,LY-2784544,Clinical trial,"PK:JAK,JAK2,JAK3",NA,Cc1cc(Nc2cc(CN3CCOCC3)c4nc(C)c(Cc5ccc(Cl)cc5F)n4n2)[nH]n1
764821,764821,,CH-5428402 HCl,FDA approved,"PK:YK,PIK3,ALK,MTOR",NA,[Cl-].CCc1cc2C(=O)c3c([nH]c4cc(ccc34)C#N)C(C)(C)c2cc1N5CCC(CC5)N6CCOCC6
765262,765262,1037624-75-1,R-428,Clinical trial,PK:AXL,NA,Nc1nc(Nc2ccc3CCC(CCc3c2)N4CCCC4)nn1c5cc6CCCc7ccccc7c6nn5
765395,765395,958025-66-6,MPC-3100,Clinical trial,HSP90,NA,C[C@H](O)C(=O)N1CCC(CCn2c(Sc3cc4OCOc4cc3Br)nc5c(N)ncnc25)CC1
765396,765396,1207456-01-6,BMN-673 (racemate),Clinical trial,PARP1,NA,Cn1ncnc1C2C(Nc3cc(F)cc4C(=O)NN=C2c34)c5ccc(F)cc5
765435,765435,888216-25-9,STA-9090,Clinical trial,HSP90,NA,CC(C)c1cc(C2=NNC(=O)N2c3ccc4c(ccn4C)c3)c(O)cc1O
765436,765436,1037184-44-3,YK-4-279,Clinical trial,ERG|ETV,NA,COc1ccc(cc1)C(=O)CC2(O)C(=O)Nc3c(Cl)ccc(Cl)c23
765694,765694,380843-75-4,Bosutinib,FDA approved,"STAT|BCR-ABL|STAT5A/B|PK:YK,LYN,SRC,HCK",NA,COc1cc(Nc2c(cnc3cc(OCCCN4CCN(C)CC4)c(OC)cc23)C#N)c(Cl)cc1Cl
765695,765695,212631-79-3,PD-184352,Clinical trial,PK:MAP2K,NA,Fc1ccc(C(=O)NOCC2CC2)c(Nc3ccc(I)cc3Cl)c1F
765775,765775,210829-30-4,CO-101,Clinical trial,Ds,NA,CCCCCCCC\C=C\CCCCCCCC(=O)OC[C@H]1O[C@@H](N2C=CC(=NC2=O)N)C(F)(F)[C@@H]1O
765865,765865,1097917-15-1,ASP-3026,Clinical trial,PK:ALK,NA,[Cl-].COc1cc(ccc1Nc2ncnc(Nc3ccccc3S(=O)(=O)C(C)C)n2)N4CCC(CC4)N5CCN(C)CC5
765888,765888,1110813-31-4,PF-299804,Clinical trial,"PK:EGFR,ERBB2",NA,COc1cc2ncnc(Nc3ccc(F)c(Cl)c3)c2cc1NC(=O)\C=C\CN4CCCCC4
765889,765889,1227939-82-3,ABT-348,Clinical trial,"PK:AURK,VEGFR",NA,Nc1ncc(c2cnn(CCO)c2)c3scc(c4ccc(NC(=O)Nc5cccc(F)c5)cc4)c13
765949,765949,497839-62-0,AEE-788,Clinical trial,"PK:EGFR,ERBB2,VEGF,VEGFR",NA,CCN1CCN(Cc2ccc(cc2)c3cc4c(N[C@H](C)c5ccccc5)ncnc4[nH]3)CC1
765974,765974,1217486-61-7,BYL-719,Clinical trial,PK:PIK3,NA,Cc1nc(NC(=O)N2CCC[C@H]2C(=O)N)sc1c3ccnc(c3)C(C)(C)C(F)(F)F
766255,766255,1186659-59-5,GSK-1838705A,Clinical trial,"PK:IGF1R,ALK",NA,CNC(=O)c1c(F)cccc1Nc2nc(Nc3cc4N(CCc4cc3OC)C(=O)CN(C)C)nc5[nH]ccc25
766271,766271,477575-56-7,PHA-665752,Clinical trial,PK:MET,NA,Cc1[nH]c(\C=C\2/C(=O)Nc3ccc(cc23)S(=O)(=O)Cc4c(Cl)cccc4Cl)c(C)c1C(=O)N5CCC[C@@H]5CN6CCCC6
766824,766824,1022957-12-5,CEP-14083,Clinical trial,PK:ALK,NA,CCN1C(=O)CCCc2c(OC)c(Nc3ncc(Cl)c(NC4[C@@H]5C[C@@H](C=C5)[C@@H]4C(=O)N)n3)ccc12
766887,766887, 728033-96-3,OSI-930,Clinical trial,"PK:PDGFR,KIT,VEGFR",NA,FC(F)(F)Oc1ccc(NC(=O)c2sccc2NCc3ccnc4ccccc34)cc1
766907,766907,1072833-77-2,MLN-2238,Clinical trial,PSM,NA,CC(C)C[C@H](NC(=O)CNC(=O)c1cc(Cl)ccc1Cl)B(O)O
766908,766908,219580-11-7,PD-173074,Clinical trial,"PK:PDGFR,FGFR,SRC,VEGFR,FGFR1,FGFR3",NA,CCN(CC)CCCCNc1ncc2cc(c(NC(=O)NC(C)(C)C)nc2n1)c3cc(OC)cc(OC)c3
766991,766991,937174-76-0,GSK-690693,Clinical trial,"PK:AKT,AKT1,AKT2,AKT3",NA,CCn1c(nc2c(ncc(OC[C@H]3CCCNC3)c12)C#CC(C)(C)O)c4nonc4N
766992,766992,732983-37-8,BAY 61-3606,Clinical trial,PK:SYK,NA,[Cl-].COc1ccc(cc1OC)c2cc3nccn3c(Nc4ncccc4C(=O)N)n2
767006,767006,475489-16-8,AEW-541,Clinical trial,"PK:YK,IGF1R",NA,Nc1ncnc2c1c(cn2[C@@H]3C[C@H](CN4CCC4)C3)c5cccc(OCc6ccccc6)c5
767048,767048,345627-92-1,BMS-387032,Clinical trial,"PK:CDK,CDK2,CDK7,CDK9",NA,CC(C)(C)c1oc(CSc2cnc(NC(=O)C3CCNCC3)s2)nc1
767124,767124,170364-57-5,LY-317615,Clinical trial,"PK:PRKCA,STK,PIK3,AKT",NA,Cn1cc(C2=C(C(=O)NC2=O)c3cn(C4CCN(Cc5ccccn5)CC4)c6ccccc36)c7ccccc17
767125,767125,,BMN-673,Clinical trial,PARP1,NA,Cn1ncnc1[C@@H]2[C@H](Nc3cc(F)cc4C(=O)NN=C2c34)c5ccc(F)cc5
767189,767189,1009298-59-2,AZD-2014,Clinical trial,PK:MTOR,NA,CNC(=O)c1cccc(c1)c2ccc3c(nc(nc3n2)N4CCOC[C@@H]4C)N5CCOC[C@@H]5C
767470,767470,1228960-69-7,MLN-0905,Clinical trial,PK:PLK1,NA,CN(C)CCCc1cnc(C)c(Nc2ncc3CC(=S)Nc4cc(ccc4c3n2)C(F)(F)F)c1
767598,767598,1056634-68-4,CYT-387,Clinical trial,"PK:JAK,JAK1,JAK2,JAK3",NA,O=C(NCC#N)c1ccc(cc1)c2ccnc(Nc3ccc(cc3)N4CCOCC4)n2
767599,767599,1300031-49-5,GSK-1210151A,Clinical trial,BRD,NA,COc1cc2c3N([C@H](C)c4ccccn4)C(=O)Nc3cnc2cc1c5c(C)onc5C
767600,767600,936091-26-8,SAR-302503,Clinical trial,"PK:FLT,JAK,FLT3,JAK2,RET",NA,Cc1cnc(Nc2ccc(OCCN3CCCC3)cc2)nc1Nc4cccc(c4)S(=O)(=O)NC(C)(C)C
767601,767601,297730-17-7,AVN-944,Clinical trial,IMPDH2|IMPDH1,NA,CC[C@H](CC#N)OC(=O)N[C@@H](C)c1cccc(NC(=O)Nc2ccc(c(OC)c2)c3ocnc3)c1
767745,767745,446022-33-9,AG-2037,Clinical trial,GARTF,NA,Cc1cc(sc1CC[C@@H]2CNC3=C(C2)C(=O)NC(=N3)N)C(=O)N[C@@H](CCC(=O)O)C(=O)O
767746,767746,475488-23-4,ADW-742,Clinical trial,"PK:IGF1R,KIT",NA,Nc1ncnc2c1c(cn2[C@@H]3C[C@@H](CN4CCCC4)C3)c5cccc(OCc6ccccc6)c5
767897,767897,1327167-19-0,BPR1J-097,Clinical trial,"PK:FLT,FLT3",NA,CN1CCN(CC1)c2ccc(cc2)C(=O)Nc3cc(n[nH]3)c4cccc(NS(=O)(=O)c5ccccc5)c4
767898,767898,1001264-89-6,GDC-0068,Clinical trial,"PK:AKT,AKT1,AKT2,AKT3",NA,CC(C)NC[C@@H](C(=O)N1CCN(CC1)c2ncnc3C(O)C[C@@H](C)c23)c4ccc(Cl)cc4
767951,767951,1089283-49-7,GSK-1904529A,Clinical trial,PK:IGF1R,NA,CCc1cc(Nc2nccc(n2)c3c(nc4ccccn34)c5ccc(OC)c(c5)C(=O)Nc6c(F)cccc6F)c(OC)cc1N7CCC(CC7)N8CCN(CC8)S(=O)(=O)C
767952,767952,1316214-52-4,ACY-1215,Clinical trial,HDAC,NA,ONC(=O)CCCCCCNC(=O)c1cnc(nc1)N(c2ccccc2)c3ccccc3
767953,767953,882531-87-5,R-1530,Clinical trial,"PK:PDGFR,CDK,FGFR,VEGFR,KDR",NA,COc1cc2Nc3n[nH]c(C)c3N=C(c4ccccc4Cl)c2cc1F
768068,768068,934660-93-2,XL-518 (isomer 1),Clinical trial,"PK:MAP2K,MAP2K1",NA,OC1(CN(C1)C(=O)c2ccc(F)c(F)c2Nc3ccc(I)cc3F)C4CCCCN4
768070,768070,1004990-28-6,PF-4176340,Clinical trial,PK:AKT,NA,CCc1c[nH]c2ncnc(N3CC[C@](N)(CNC(=O)c4ccc(F)cc4F)C3)c12
768112,768112,,GENZ-644282,Clinical trial,T1,NA,CNCCN1C(=O)c2cc(OC)c(OC)cc2c3cnc4cc5OCOc5cc4c13
774901,774901,,AZD-2858,Clinical trial,Wnt|PK:GSK3A,NA,c1(cnccc1)NC(=O)c1c(ncc(n1)c1ccc(cc1)S(=O)(=O)N1CCN(CC1)C)N.C(C)S(=O)(=O)O.C(C)S(=O)(=O)O